{"cameraMode":{"drawMode":0,"name":"Shaded","section":"Shading Mode"},"sceneLighting":true,"audioPlay":false,"sceneViewState":{"showFog":true,"showMaterialUpdate":true,"showSkybox":true,"showFlares":true,"showImageEffects":true,"showParticleSystems":true},"in2DMode":false,"pivot":{"x":0.040550172328948978,"y":1.4339369535446168,"z":0.4999995231628418},"rotation":{"x":0.02215425856411457,"y":-0.05635940656065941,"z":-0.0012448780471459032,"w":-0.9981822967529297},"size":5.539419651031494,"orthographic":false}