{"cameraMode":{"drawMode":0,"name":"Shaded","section":"Shading Mode"},"sceneLighting":false,"audioPlay":false,"sceneViewState":{"showFog":true,"showMaterialUpdate":true,"showSkybox":true,"showFlares":true,"showImageEffects":true,"showParticleSystems":true},"in2DMode":false,"pivot":{"x":0.000001430511474609375,"y":2.8773715496063234,"z":0.13516712188720704},"rotation":{"x":-0.060049232095479968,"y":0.9357135891914368,"z":-0.19534192979335786,"w":-0.28760120272636416},"size":12.37626838684082,"orthographic":false}