{"cameraMode":{"drawMode":0,"name":"Shaded","section":"Shading Mode"},"sceneLighting":true,"audioPlay":false,"sceneViewState":{"showFog":true,"showMaterialUpdate":true,"showSkybox":true,"showFlares":true,"showImageEffects":true,"showParticleSystems":true},"in2DMode":false,"pivot":{"x":21.190000534057618,"y":-1.6200000047683716,"z":-0.28999996185302737},"rotation":{"x":0.38815751671791079,"y":-0.33778116106987,"z":0.15548522770404817,"w":0.8432444334030151},"size":18.003067016601564,"orthographic":false}