{"cameraMode":{"drawMode":0,"name":"Shaded","section":"Shading Mode"},"sceneLighting":true,"audioPlay":false,"sceneViewState":{"showFog":false,"showMaterialUpdate":false,"showSkybox":false,"showFlares":false,"showImageEffects":false,"showParticleSystems":false},"in2DMode":false,"pivot":{"x":-12.856605529785157,"y":-0.0008182525634765625,"z":10.469283103942871},"rotation":{"x":-0.04157724604010582,"y":0.9576993584632874,"z":-0.2195061445236206,"w":-0.18140509724617005},"size":116.67262268066406,"orthographic":false}