{"cameraMode":{"drawMode":0,"name":"Shaded","section":"Shading Mode"},"sceneLighting":false,"audioPlay":false,"sceneViewState":{"showFog":true,"showMaterialUpdate":false,"showSkybox":true,"showFlares":true,"showImageEffects":true,"showParticleSystems":true},"in2DMode":false,"pivot":{"x":-10.928205490112305,"y":-9.795661926269532,"z":-8.540882110595704},"rotation":{"x":0.3275478482246399,"y":0.17573890089988709,"z":-0.06214522570371628,"w":0.9262645840644836},"size":2.969998359680176,"orthographic":false}