{"cameraMode":{"drawMode":0,"name":"Shaded","section":"Shading Mode"},"sceneLighting":false,"audioPlay":false,"sceneViewState":{"showFog":true,"showMaterialUpdate":false,"showSkybox":true,"showFlares":true,"showImageEffects":true,"showParticleSystems":true},"in2DMode":false,"pivot":{"x":2.486146926879883,"y":3.030433177947998,"z":21.006025314331056},"rotation":{"x":0.009345924481749535,"y":0.9904546737670898,"z":-0.1067836731672287,"w":0.08668303489685059},"size":2.8098232746124269,"orthographic":false}